{
    "CY_1": [
        [23.001166, 120.222957],
        [23.001141, 120.223388],
        [23.000937, 120.223383],
        [23.000966, 120.22294],
        [23.001166, 120.222957]
    ],
    "CY_3_N": [
        [23.002241, 120.222581],
        [23.002212, 120.222912],
        [23.002097, 120.2229],
        [23.002122, 120.222571],
        [23.002241, 120.222581]
    ],
    "CY_3_S": [
        [23.001951, 120.222554],
        [23.00192, 120.222971],
        [23.001803, 120.222956],
        [23.001837, 120.222542],
        [23.001951, 120.222554]
    ],
    "KF_1": [
        [22.99900961052543, 120.21455347537996],
        [22.998979982467798, 120.21451592445375],
        [22.998979982467798, 120.214381814003],
        [22.998965168436538, 120.21432280540468],
        [22.998910850308036, 120.21428525447847],
        [22.998861470172244, 120.2143281698227],
        [22.998836780097584, 120.214381814003],
        [22.99881702803459, 120.21449983119966],
        [22.99876270984647, 120.21453738212587],
        [22.998767647864476, 120.21456420421602],
        [22.998668887470078, 120.2145963907242],
        [22.998644197360175, 120.21464467048646],
        [22.99863925933765, 120.21468222141267],
        [22.998654073404673, 120.21471977233888],
        [22.998703453616336, 120.21474659442903],
        [22.998802213985456, 120.21470904350282],
        [22.998846656128, 120.21472513675691],
        [22.998910850308036, 120.21470904350282],
        [22.998984920477852, 120.21480560302736],
        [22.9990145485344, 120.21480023860933],
        [22.999054052599675, 120.21481096744539],
        [22.999108370670562, 120.21473586559297],
        [22.999098494659293, 120.21469295024873],
        [22.998999734506935, 120.21459102630617]
    ],
    "KF_2": [
        [22.999496003541815, 120.21523743867876],
        [22.99956513540189, 120.21514892578126],
        [22.999528100481253, 120.21512478590013],
        [22.999545383445472, 120.21509796381],
        [22.9993972436803, 120.21497189998628],
        [22.999434278636826, 120.21468490362169],
        [22.99935033272076, 120.2146688103676],
        [22.99935033272076, 120.21469295024873],
        [22.99932317373672, 120.21468490362169],
        [22.99931576674013, 120.21472781896593],
        [22.999286138749696, 120.21472781896593],
        [22.999256510752776, 120.21490484476091],
        [22.99905158359593, 120.21499872207643],
        [22.999046645588315, 120.21502017974855],
        [22.99901207952993, 120.21503359079362],
        [22.99905652160336, 120.21516501903535],
        [22.99911577767854, 120.21514087915423],
        [22.99911577767854, 120.21515697240831],
        [22.99931576674013, 120.2150845527649],
        [22.999458968602205, 120.21521598100664],
        [22.9994688445871, 120.21519988775255]
    ],
    "KF_3": [
        [22.999758, 120.214393],
        [22.999684, 120.214835],
        [22.999577, 120.214816],
        [22.999607, 120.214642],
        [22.999585, 120.214637],
        [22.999602, 120.214543],
        [22.999622, 120.21454],
        [22.999647, 120.214411],
        [22.999689, 120.214425],
        [22.999701, 120.214384],
        [22.999758, 120.214393]
    ],
    "SL_1": [
        [22.993891, 120.218478],
        [22.993783, 120.219768],
        [22.993684, 120.219757],
        [22.9938, 120.218467],
        [22.993891, 120.218478]
    ],
    "SL_2": [
        [22.994272, 120.220122],
        [22.994247, 120.220116],
        [22.994247, 120.220143],
        [22.99421, 120.220141],
        [22.994173, 120.220693],
        [22.994195, 120.220693],
        [22.994195, 120.220723],
        [22.994225, 120.220723],
        [22.994225, 120.220704],
        [22.994267, 120.220706],
        [22.994309, 120.220154],
        [22.994269, 120.220149],
        [22.994272, 120.220122]
    ],
    "SL_3": [
        [22.994671, 120.220202],
        [22.994647, 120.220202],
        [22.994662, 120.220175],
        [22.994659, 120.220154],
        [22.994639, 120.220138],
        [22.99462, 120.220135],
        [22.994602, 120.220151],
        [22.9946, 120.220178],
        [22.9946, 120.220194],
        [22.994568, 120.220194],
        [22.994541, 120.220704],
        [22.994632, 120.220704],
        [22.994652, 120.220497],
        [22.994691, 120.220497],
        [22.994691, 120.220395],
        [22.994664, 120.220385],
        [22.994671, 120.220202]
    ],
    "SL_4": [
        [22.994111, 120.219153],
        [22.993941, 120.219137],
        [22.993933, 120.219237],
        [22.99399, 120.219242],
        [22.993951, 120.219706],
        [22.993899, 120.219695],
        [22.993889, 120.219781],
        [22.994054, 120.219797],
        [22.994111, 120.219153]
    ],
    "SL_6_N": [
        [22.994829, 120.218908],
        [22.994855, 120.218911],
        [22.994836, 120.219145],
        [22.994819, 120.21914],
        [22.994813, 120.219192],
        [22.994785, 120.219194],
        [22.994786, 120.219163],
        [22.994742, 120.219163],
        [22.994742, 120.219185],
        [22.994689, 120.219181],
        [22.994706, 120.218897],
        [22.99472, 120.2189],
        [22.994724, 120.218863],
        [22.994743, 120.218863],
        [22.994747, 120.218843],
        [22.994794, 120.218847],
        [22.994793, 120.218868],
        [22.994829, 120.218872],
        [22.994829, 120.218908]
    ],
    "SL_6_S": [
        [22.994521, 120.218848],
        [22.994506, 120.21917],
        [22.994457, 120.219164],
        [22.994459, 120.219143],
        [22.994432, 120.219148],
        [22.994427, 120.219164],
        [22.99438, 120.219159],
        [22.994385, 120.219014],
        [22.994417, 120.219011],
        [22.994415, 120.218976],
        [22.994392, 120.218971],
        [22.994395, 120.218834],
        [22.994442, 120.218834],
        [22.994439, 120.218816],
        [22.994491, 120.218821],
        [22.994489, 120.218845],
        [22.994521, 120.218848]
    ],
    "SL_8_N": [
        [22.994059, 120.220405],
        [22.994023, 120.220403],
        [22.994019, 120.220374],
        [22.993942, 120.220371],
        [22.99394, 120.220395],
        [22.993895, 120.220393],
        [22.993882, 120.220627],
        [22.993925, 120.220629],
        [22.993927, 120.220651],
        [22.993999, 120.220659],
        [22.994003, 120.220634],
        [22.99405, 120.220637],
        [22.994059, 120.220405]
    ],
    "SL_8_S": [
        [22.993725, 120.220374],
        [22.993707, 120.220615],
        [22.993657, 120.220608],
        [22.993657, 120.220632],
        [22.993579, 120.22062],
        [22.993581, 120.220598],
        [22.993541, 120.220595],
        [22.993559, 120.220364],
        [22.993594, 120.220366],
        [22.993601, 120.220335],
        [22.99368, 120.220347],
        [22.99368, 120.220369],
        [22.993725, 120.220374]
    ],
    "SL_9": [
        [22.993462, 120.220274],
        [22.993397, 120.221198],
        [22.993282, 120.221185],
        [22.993345, 120.220261],
        [22.993462, 120.220274]
    ]
}
